URL,Last crawled
https://kidrove.com/about,1970-01-01
https://kidrove.com/blog,1970-01-01
https://kidrove.com/blog/best-summer-camp-activities-organized-inside-malls,1970-01-01
https://kidrove.com/blog/clay-modeling-crafting-fun-hands-on-mall-activity,1970-01-01
https://kidrove.com/blog/diy-art-corners-best-experiences-for-creative-kids,1970-01-01
https://kidrove.com/blog/face-painting-and-tattoo-corners-why-kids-enjoy-them,1970-01-01
https://kidrove.com/blog/how-augmented-reality-games-keep-kids-engaged,1970-01-01
https://kidrove.com/blog/how-kids-art-exhibitions-in-malls-encourage-young-talent,1970-01-01
https://kidrove.com/blog/how-lego-corners-in-malls-boost-kids-creativity,1970-01-01
https://kidrove.com/blog/how-puppet-shows-in-malls-keep-kids-entertained,1970-01-01
https://kidrove.com/blog/independence-day-activities-for-kids-in-malls,1970-01-01
https://kidrove.com/blog/kids-fancy-dress-competitions-a-complete-guide,1970-01-01
https://kidrove.com/blog/kids-fashion-shows-in-malls-a-confidence-boosting-experience,1970-01-01
https://kidrove.com/blog/kids-gaming-arcades-why-they-re-still-popular,1970-01-01
https://kidrove.com/blog/mall-carnivals-bringing-fun-and-learning-together,1970-01-01
https://kidrove.com/blog/mall-themed-birthday-parties-a-new-trend-for-kids,1970-01-01
https://kidrove.com/blog/mall-treasure-hunts-a-perfect-family-activity,1970-01-01
https://kidrove.com/blog/mini-chef-workshops-cooking-fun-for-kids,1970-01-01
https://kidrove.com/blog/mini-drone-flying-zones-for-kids-in-malls,1970-01-01
https://kidrove.com/blog/organizing-school-picnics-in-malls-fun-learning,1970-01-01
https://kidrove.com/blog/robo-workshops-in-malls-learning-with-fun,1970-01-01
https://kidrove.com/blog/safe-adventure-rides-for-kids-inside-malls,1970-01-01
https://kidrove.com/blog/santa-meet-greet-why-kids-love-christmas-events,1970-01-01
https://kidrove.com/blog/science-corners-fun-experiments-for-kids,1970-01-01
https://kidrove.com/blog/seasonal-mall-events-kids-shouldn-t-miss,1970-01-01
https://kidrove.com/blog/storytelling-corners-bringing-fairy-tales-alive-in-malls,1970-01-01
https://kidrove.com/blog/test,1970-01-01
https://kidrove.com/blog/the-future-of-kids-play-zones-in-shopping-malls,1970-01-01
https://kidrove.com/blog/the-joy-of-interactive-3d-theatres-for-kids,1970-01-01
https://kidrove.com/blog/the-magic-of-sand-art-and-glitter-activities-for-children,1970-01-01
https://kidrove.com/blog/top-kids-festival-events-hosted-in-malls-diwali-christmas-etc,1970-01-01
https://kidrove.com/blog/virtual-reality-games-for-kids-safe-fun-mall-experience,1970-01-01
https://kidrove.com/blog/why-indoor-trampoline-parks-are-a-hit-among-kids,1970-01-01
https://kidrove.com/blog/why-kids-love-pottery-workshops-in-malls,1970-01-01
https://kidrove.com/categories,1970-01-01
https://kidrove.com/categories/arts-and-crafts,1970-01-01
https://kidrove.com/categories/creative-workshops,1970-01-01
https://kidrove.com/collections,1970-01-01
https://kidrove.com/collections/afterschool-activities,1970-01-01
https://kidrove.com/collections/art-dance-music,1970-01-01
https://kidrove.com/collections/career-counselling,1970-01-01
https://kidrove.com/collections/courses-camps-workshops,1970-01-01
https://kidrove.com/collections/handpicked-experience,1970-01-01
https://kidrove.com/collections/looking-for-childcare,1970-01-01
https://kidrove.com/collections/museum-culture,1970-01-01
https://kidrove.com/collections/parent-zone,1970-01-01
https://kidrove.com/collections/schools-nurseries,1970-01-01
https://kidrove.com/collections/student-exchange-programs,1970-01-01
https://kidrove.com/collections/tuition-centres-online-classes,1970-01-01
https://kidrove.com/contact,1970-01-01
https://kidrove.com/events,1970-01-01
https://kidrove.com/events/boo-boo-laand-christmas-events,1970-01-01
https://kidrove.com/events/dubai-international-art-centre-kids-courses,1970-01-01
https://kidrove.com/events/fun-robotics-onsite-courses,1970-01-01
https://kidrove.com/events/juniors-fashion-week-jfw-dubai-brand-shoot,1970-01-01
https://kidrove.com/events/juniors-fashion-week-jfw-dubai-showcase,1970-01-01
https://kidrove.com/events/kids-wheel-clay-workshop,1970-01-01
https://kidrove.com/events/kids-zone-birthday-party,1970-01-01
https://kidrove.com/events/loco-bear-arcade-games,1970-01-01
https://kidrove.com/events/loco-bear-laser-tag-battle,1970-01-01
https://kidrove.com/events/loco-bear-trampoline-park,1970-01-01
https://kidrove.com/events/mug-workshop-sip-in-style,1970-01-01
https://kidrove.com/events/petit-chefs-fr-junior-chefs,1970-01-01
https://kidrove.com/events/petit-chefs-junior-chefs-7-9years-single-saturday,1970-01-01
https://kidrove.com/events/petit-chefs-mini-chefs-course-4-6years-friday,1970-01-01
https://kidrove.com/events/petit-chefs-teen-masterchef-13-15yr-saturday,1970-01-01
https://kidrove.com/events/picasso-artists-kids-birthday-party,1970-01-01
https://kidrove.com/events/play-dxb,1970-01-01
https://kidrove.com/events/puppet-shows-birthday-party-school-shows,1970-01-01
https://kidrove.com/events/toda-theatre-of-digital-art-dreams-of-miyazaki,1970-01-01
https://kidrove.com/events/toda-theatre-of-digital-art-the-jazz-night,1970-01-01
https://kidrove.com/events/toda-theatre-of-digital-art-the-viennese-ball,1970-01-01
https://kidrove.com/faq,1970-01-01
https://kidrove.com/privacy,1970-01-01
https://kidrove.com/terms,1970-01-01
https://kidrove.com/vendors,1970-01-01